# XML-based PQR file for acetic-acid
<acetic-acid>
  <residue>
     <resName>TARG</resName>
     <resSeq>1</resSeq>
     <atom>
        <serial>1</serial>
        <name>C1</name>
        <x>0.000</x>
        <y>0.000</y>
        <z>0.000</z>
        <charge>-0.137</charge>
        <radius>1.880</radius> 
     </atom>
     <atom>
        <serial>2</serial>
        <name>C2</name>
        <x>0.000</x>
        <y>0.000</y>
        <z>1.515</z>
        <charge>0.780</charge>
        <radius>1.880</radius> 
     </atom>
     <atom>
        <serial>3</serial>
        <name>H3</name>
        <x>0.000</x>
        <y>-1.028</y>
        <z>-0.363</z>
        <charge>0.059</charge>
        <radius>1.150</radius> 
     </atom>
     <atom>
        <serial>4</serial>
        <name>H4</name>
        <x>0.908</x>
        <y>0.482</y>
        <z>-0.363</z>
        <charge>0.059</charge>
        <radius>1.150</radius> 
     </atom>
     <atom>
        <serial>5</serial>
        <name>H5</name>
        <x>-0.908</x>
        <y>0.482</y>
        <z>-0.363</z>
        <charge>0.059</charge>
        <radius>1.150</radius> 
     </atom>
     <atom>
        <serial>6</serial>
        <name>O6</name>
        <x>0.000</x>
        <y>0.979</y>
        <z>2.200</z>
        <charge>-0.610</charge>
        <radius>1.480</radius> 
     </atom>
     <atom>
        <serial>7</serial>
        <name>O7</name>
        <x>0.173</x>
        <y>-1.247</y>
        <z>1.975</z>
        <charge>-0.670</charge>
        <radius>1.480</radius> 
     </atom>
     <atom>
        <serial>8</serial>
        <name>H8</name>
        <x>0.178</x>
        <y>-1.286</y>
        <z>2.937</z>
        <charge>0.460</charge>
        <radius>1.150</radius> 
     </atom>
  </residue>
</acetic-acid>
